1,Expedia,333 108th Ave NE # 300,Bellevue,WA,98004,Travel,http://www.lifeatexpedia.com/,expedia.png,new Date(),new Date()
2,Moz,1100 2nd Ave #500,Seattle,WA,98101,Search Engine Optimization,https://moz.com/about/jobs,Moz-Logo.jpg,new Date(),new Date()
3,Liquid Planner,2324 Eastlake Ave E #500,Seattle,WA,98102,Project Management,http://www.liquidplanner.com/careers/,liquid_planner.png,new Date(),new Date()
4,Marchex,520 Pike St # 2000,Seattle,WA,98101,Mobile Advertising,http://www.marchex.com/company/careers/,marchex_logo.png,new Date(),new Date()
5,Apex Learning Inc.,1215 4th Ave #1500,Seattle,WA,98101,Educational Technology,https://www.apexlearning.com/,apex_learning.jpg,new Date(),new Date()
6,Chef Software,619 Western Ave,Seattle,WA,98104,DevOps,https://www.chef.io/,chef_logo.png,new Date(),new Date()
7,EMC Isilon Systems Inc,505 1st Avenue South,Seattle,WA,98104,Networked Storage,http://www.emc.com/en-us/storage/isilon/index.htm,isilon_logo.png,new Date(),new Date()
8,RealPage,615 2nd Ave #700,Seattle,WA,98104,Property Management,http://www.realpage.com/careers/,realpage.png,new Date(),new Date()
9,EnergySavvy,159 S Jackson St #420,Seattle,WA,98104,Utility Cloud Solutions,https://www.energysavvy.com/careers,energysavvy-logo.jpg,new Date(),new Date()
10,Substantial,900 E Pine St #202,Seattle,WA,98122,Digital Product Studio,http://substantial.com/,substantial.png,new Date(),new Date()
11,Foundry Interactive,318 1st Avenue South #200,Seattle,WA,98104,Consulting,http://www.foundryinteractive.com/,foundry_interactive.png,new Date(),new Date()
12,Zillow,"31, 1301 2nd Ave",Seattle,WA,98101,Real Estate,http://www.zillow.com/jobs/seattle-office/,zillow-logo.png,new Date(),new Date()
13,NIRD,1517 12th Ave #201,Seattle,WA,98122,Ruby on Rails Development,http://nird.us/,nird.png,new Date(),new Date()
14,Pacific Northwest National Laboratory,1100 Dexter Ave N # 400,Seattle,WA,98109,Nonprofit Research Laboratory,http://www.pnnl.gov/,pnnl.png,new Date(),new Date()
15,Redfin,2025 1st Ave #500,Seattle,WA,98121,Real Estate,http://www.redfin.com/about/jobs,redfin.png,new Date(),new Date()
16,Amazon,440 Terry Ave N,Seattle,WA,98109,E-commerce,http://www.amazon.jobs/location/seattle-wa,amazon.jpg,new Date(),new Date()
17,Nordstrom,1617 6th Ave,Seattle,WA,98101,E-commerce,http://about.nordstrom.com/careers/#/headquarters-careers/main,nordstrom-logo.png,new Date(),new Date()
18,General UI,3417 Evanston Ave N #501,Seattle,WA,98103,Consulting,http://generalui.com/who-we-are/,general_ui_logo.png,new Date(),new Date()
19,BookingSuite,220 W Mercer St #500,Seattle,WA,98119,Travel,http://suite.booking.com/,booking-suite.jpg,new Date(),new Date()
20,Concur,601 108th Ave NE #1000,Bellevue,WA,98004,Travel & Expense Management,https://www.concur.com/en-us/careers,concur_logo.png,new Date(),new Date()
21,Envestnet,701 5th Ave,Seattle,WA,98104,Investment Services,http://www.envestnet.com/,envestnet.png,new Date(),new Date()
22,Getty Images,605 5th Ave S Suite 400,Seattle,WA,98104,Photography,http://www.gettyimagesjobs.com/,getty-images-logo.png,new Date(),new Date()
23,Indeed,1008 Western Ave,Seattle,WA,98104,Job Search,http://www.indeed.com/cmp/Indeed,indeed.png,new Date(),new Date()
24,Indigo Slate,2475 140th Ave NE,Bellevue,WA,98005,Digital Marketing,http://indigoslate.com/careers.html,indigo_slate.png,new Date(),new Date()
25,Microsoft,1 Microsoft Way,Redmond,WA,98052,Cloud computing,https://careers.microsoft.com/,microsoft-logo.png,new Date(),new Date()
26,Skytap,719 2nd Ave,Seattle,WA,98104,Virtualization,https://www.skytap.com/company/careers/,skytap.jpg,new Date(),new Date()
27,Socrata,83 S King St #107,Seattle,WA,98104,Open Data,http://careers.socrata.com/,socrata.jpg,new Date(),new Date()
28,Spare5,"1301 5th Ave, Suite 1225",Seattle,WA,98101,Intelligent Crowdsourcing,http://www.spare5.com/jobs/,spare5.jpg,new Date(),new Date()
29,Tune,2220 Western Ave,Seattle,WA,98121,Mobile Marketing,http://www.tune.com/careers/,tune.png,new Date(),new Date()
30,Artefact,619 Western Ave #500,Seattle,WA,98104,Technology Design & Development,https://www.artefactgroup.com/content/job/,artefact-logo.png,new Date(),new Date()
31,Enlearn,2815 Eastlake Ave E #135,Seattle,WA,98102,Educational Technology,http://www.enlearn.org/join-us/,enlearn.png,new Date(),new Date()
32,CenturyLink,1600 7th Ave,Seattle,WA,98101,Cloud Computing,http://www.centurylink.com/Pages/AboutUs/CompanyInformation/Careers/,centurylink.jpg,new Date(),new Date()
33,Estately,1809 1550 7th Ave,Seattle,WA,98101,Real Estate,http://www.estately.com/about,estately-logo.png,new Date(),new Date()
34,Avvo,720 Olive Way #1400,Seattle,WA,98101,Legal,,,,
